,total,percent,high_conf,low_conf,high_conf_pct,low_conf_pct
lure_hit,49.0,0.8166666666666667,30.0,19.0,0.6122448979591837,0.3877551020408163
lure_miss,11.0,0.18333333333333332,5.0,6.0,0.45454545454545453,0.5454545454545454
target_hit,37.0,0.6166666666666667,14.0,23.0,0.3783783783783784,0.6216216216216216
target_miss,23.0,0.38333333333333336,8.0,15.0,0.34782608695652173,0.6521739130434783
novel_hit,9.0,0.45,7.0,2.0,0.7777777777777778,0.2222222222222222
novel_miss,11.0,0.55,7.0,4.0,0.6363636363636364,0.36363636363636365
