,total,percent,high_conf,low_conf,high_conf_pct,low_conf_pct
lure_hit,27.0,0.45,1.0,26.0,0.037037037037037035,0.9629629629629629
lure_miss,33.0,0.55,6.0,27.0,0.18181818181818182,0.8181818181818182
target_hit,46.0,0.7666666666666667,17.0,29.0,0.3695652173913043,0.6304347826086957
target_miss,14.0,0.23333333333333334,0.0,14.0,0.0,1.0
novel_hit,15.0,0.75,9.0,6.0,0.6,0.4
novel_miss,5.0,0.25,2.0,3.0,0.4,0.6
